{"cameraMode":{"drawMode":0,"name":"Shaded","section":"Shading Mode"},"sceneLighting":true,"audioPlay":false,"sceneViewState":{"showFog":true,"showMaterialUpdate":false,"showSkybox":true,"showFlares":true,"showImageEffects":true,"showParticleSystems":true},"in2DMode":false,"pivot":{"x":38.12967300415039,"y":1.7545487880706788,"z":3.0981638431549074},"rotation":{"x":0.18470464646816255,"y":-0.30113643407821658,"z":0.059573981910943988,"w":0.9336230754852295},"size":27.940000534057618,"orthographic":false}