{"cameraMode":{"drawMode":0,"name":"Shaded","section":"Shading Mode"},"sceneLighting":false,"audioPlay":false,"sceneViewState":{"showFog":true,"showMaterialUpdate":false,"showSkybox":false,"showFlares":true,"showImageEffects":true,"showParticleSystems":true},"in2DMode":false,"pivot":{"x":51.00278854370117,"y":0.7030202150344849,"z":9.354719161987305},"rotation":{"x":0.11032477766275406,"y":0.11600251495838165,"z":-0.012967338785529137,"w":0.9870175719261169},"size":14.108477592468262,"orthographic":false}