{"cameraMode":{"drawMode":0,"name":"Shaded","section":"Shading Mode"},"sceneLighting":true,"audioPlay":false,"sceneViewState":{"showFog":true,"showMaterialUpdate":false,"showSkybox":true,"showFlares":true,"showImageEffects":true,"showParticleSystems":true},"in2DMode":false,"pivot":{"x":-6.281415939331055,"y":-70.3758316040039,"z":248.69937133789063},"rotation":{"x":0.14079849421977998,"y":-0.02525397762656212,"z":0.0035909011494368316,"w":0.9897096753120422},"size":268.6005554199219,"orthographic":false}